id,alcohol,malic_acid,ash,alcalinity_of_ash,magnesium,total_phenols,flavanoids,nonflavanoid_phenols,proanthocyanins,color_intensity,hue,od280/od315_of_diluted_wines,proline,target
0,13.049999999999999,0.3999999999999999,2.4,21.68,71.78999999999999,2.33,1.8699999999999999,0.09,1.3000000000000003,1.0699999999999998,1.1300000000000001,2.45,96.79000000000002,1
1,13.01,3.66,2.21,16.53,98.87,2.46,2.34,0.28,1.49,3.6900000000000004,0.75,2.79,588.86,0
2,13.13,1.1400000000000001,2.32,18.75,108.51,2.63,2.26,0.13,2.1500000000000004,5.03,0.86,2.6599999999999997,954.8,0
3,12.059999999999999,1.4100000000000001,2.04,16.58,73.52,0.8399999999999999,-0.36,0.37,0.14,7.869999,0.36999999999999994,1.0099999999999998,194.88,2
4,12.35,1.14,1.91,19.520000000000003,77.65,2.09,1.98,0.27,1.03,4.62,1.11,3.46,502.23,1
5,12.57,1.06,1.8800000000000001,10.41,83.5,2.35,2.68,0.1,2.5700000000000003,5.82,0.9800000000000001,2.49,962.49,0
6,10.68,-0.27,2.25,17.98,75.1,1.9100000000000001,1.1099999999999999,0.31,0.9199999999999999,0.9900000000000002,0.8900000000000001,1.67,149.54000000000002,1
7,11.45,1.76,2.2199999999999998,17.3,95.02,2.89,2.05,0.14,1.23,2.77,1.1099999999999999,2.81,279.36,1
8,12.7,3.55,2.36,21.5,105.98,1.7,1.2,0.17,0.84,5.0,0.78,1.29,599.59,2
9,13.08,0.7899999999999998,2.32,11.7,86.91,2.63,2.5700000000000003,0.05000000000000002,1.14,3.1399999999999997,0.65,2.8600000000000003,784.26,0
10,12.309999999999999,2.79,1.82,14.09,71.84,1.27,0.68,0.36,0.49999999999999994,2.07,0.57,1.7100000000000002,191.98,1
11,11.629999999999999,1.4699999999999998,2.0,18.759999999999998,76.16,1.0699999999999998,0.8700000000000001,0.54,0.8699999999999999,0.4500000000000002,0.64,2.61,9.800000000000011,1
12,11.68,2.5700000000000003,2.89,19.66,101.54,1.69,1.9299999999999997,0.59,0.99,3.5599999999999996,1.21,2.43,574.84,1
13,14.040000000000001,2.12,2.6,17.51,120.6,2.58,2.48,0.31,1.23,4.9799999999999995,1.05,3.56,1286.11,0
14,11.6,0.44999999999999996,1.75,13.14,72.77,2.01,1.65,0.18,1.28,0.9199999999999999,1.03,2.1300000000000003,158.45,1
15,11.89,0.88,1.77,17.95,74.07,1.7200000000000002,1.16,0.22,1.04,1.17,0.87,3.03,431.07,1
16,12.66,0.84,1.9200000000000002,14.379999999999999,82.78999999999999,1.91,1.41,0.17,0.9000000000000001,2.13,0.8400000000000001,2.21,1037.74,0
17,12.85,2.6,2.2199999999999998,19.57,83.76,1.5699999999999998,0.18000000000000005,0.38,0.9199999999999999,7.08,0.42000000000000004,1.2100000000000002,468.4,2
18,12.959999999999999,4.04,2.13,17.27,80.31,1.49,-0.019999999999999907,0.37,0.55,2.5000000000000004,0.72,1.4699999999999998,292.31,2
19,13.540000000000001,4.57,2.12,18.6,74.03,0.72,-0.07999999999999996,0.35000000000000003,0.44000000000000006,3.9300000000000006,0.48,1.03,283.41999999999996,2
20,13.67,3.2300000000000004,2.32,10.94,118.34,2.58,2.36,0.12000000000000001,1.69,3.5299999999999994,0.74,3.05,547.11,0
21,12.63,0.72,2.3600000000000003,12.96,79.57,2.2600000000000002,2.0,0.22000000000000003,0.9099999999999999,2.6199999999999997,0.7100000000000001,2.5500000000000003,898.98,0
22,14.06,0.78,2.16,8.55,78.81,2.5700000000000003,2.84,0.32,2.3200000000000003,3.4200000000000004,1.05,2.12,881.3399999999999,0
23,12.23,0.85,2.16,16.35,80.07,1.78,0.23999999999999994,0.5599999999999999,1.05,4.65,0.67,1.26,541.31,2
24,12.87,4.7700000000000005,2.2199999999999998,20.75,87.64,1.51,0.26,0.5599999999999999,1.34,7.03,0.51,1.21,606.85,2
25,12.93,3.9499999999999997,2.6999999999999997,23.07,103.73,1.62,0.38,0.2,0.78,7.16,0.54,1.51,447.61,2
26,13.440000000000001,1.2799999999999998,2.44,13.19,93.25,2.91,3.02,0.1,1.39,4.17,0.76,3.17,924.06,0
27,12.09,2.54,2.52,25.54,90.74,1.63,0.13999999999999996,0.58,0.8899999999999999,6.48,0.5700000000000001,1.42,742.0699999999999,2
28,12.09,1.1500000000000001,2.08,21.12,102.11,1.74,1.68,0.29000000000000004,1.37,1.1,0.9700000000000001,2.67,215.07,1
29,13.52,0.8800000000000001,2.15,14.6,92.0,2.7199999999999998,2.73,0.16999999999999998,1.61,6.25,0.91,3.25,912.7,0
30,12.879999999999999,2.29,2.5,20.88,85.8,1.06,-0.26,0.4,0.10000000000000003,2.5299999999999994,0.71,1.5,272.97,2
31,14.200000000000001,3.34,2.2199999999999998,15.25,98.79,3.11,2.9499999999999997,0.24000000000000002,2.06,4.380000000000001,0.99,3.28,994.23,0
32,12.92,2.25,2.29,18.98,115.63,1.46,0.37000000000000005,0.49000000000000005,1.28,8.59,0.53,1.4000000000000001,743.59,2
33,12.92,3.6799999999999997,2.28,21.96,82.71,1.5499999999999998,1.4300000000000002,0.59,1.53,4.43,0.7999999999999999,1.8999999999999997,464.55,1
34,11.68,2.33,2.0,15.49,77.25,2.38,2.24,0.36,2.38,0.5499999999999998,1.25,2.3,168.88,1
35,13.81,1.5499999999999998,2.0900000000000003,15.62,99.36,3.0300000000000002,3.2800000000000002,0.19999999999999998,2.0700000000000003,5.83,0.88,3.25,948.83,0
36,11.32,0.07999999999999985,2.25,20.86,64.57,1.4100000000000001,0.6400000000000001,0.28,0.8599999999999999,0.020000000000000018,1.1,2.0500000000000003,333.93,1
37,13.29,0.88,2.54,17.55,123.65,2.58,2.16,0.43,1.02,4.04,1.12,2.58,1050.82,0
38,11.99,0.98,1.8599999999999999,18.07,88.02,2.19,1.76,0.36,1.9200000000000002,2.0500000000000003,0.8,2.82,224.35,1
39,11.43,1.73,2.2199999999999998,17.22,94.68,2.87,2.03,0.14,1.2200000000000002,2.71,1.1099999999999999,2.8,271.84000000000003,1
40,11.9,0.89,1.77,17.98,74.22,1.7300000000000002,1.17,0.23,1.05,1.19,0.87,3.03,434.21000000000004,1
41,12.03,0.58,2.09,15.53,76.58,1.63,-0.010000000000000009,0.53,0.9099999999999999,4.08,0.62,1.09,464.34000000000003,2
42,13.14,2.63,2.5,22.53,116.72,1.1199999999999999,1.1300000000000001,0.16999999999999998,1.0,7.58,0.49,0.99,361.44,2
43,14.020000000000001,3.77,2.37,18.099999999999998,107.58,2.7,2.41,0.27,1.1099999999999999,4.68,0.82,3.16,1004.55,0
44,13.35,1.3499999999999999,2.28,18.17,102.01,2.69,2.91,0.19,1.79,6.25,1.03,2.6799999999999997,1426.97,0
45,12.08,2.35,2.05,16.44,74.92,0.91,-0.25,0.29000000000000004,0.44999999999999996,8.14,0.51,1.1,396.57,2
46,13.64,1.38,2.5300000000000002,16.4,90.59,2.3000000000000003,2.75,0.19,2.15,5.05,1.19,3.2,1189.73,0
47,11.260000000000002,3.46,1.75,18.67,103.44,3.02,2.33,0.21,3.44,2.32,0.69,2.63,483.49,1
48,13.98,3.04,2.1399999999999997,14.36,94.97,2.94,2.6799999999999997,0.21000000000000002,1.91,3.7600000000000007,0.93,3.09,909.9,0
49,11.35,1.25,2.52,24.75,82.63,1.68,1.23,0.35000000000000003,1.12,1.73,1.27,2.94,443.69,1
50,11.06,1.82,1.97,14.8,98.31,1.12,0.3600000000000001,0.31,0.3999999999999999,0.4299999999999997,0.74,1.8399999999999999,198.2,1
51,10.680000000000001,2.67,1.56,16.29,93.28,2.58,1.62,0.12,3.0300000000000002,0.6699999999999999,0.53,2.13,259.55,1
52,11.44,0.33999999999999997,2.44,16.35,86.93,1.8900000000000001,1.72,0.16,2.0700000000000003,1.9,0.68,2.73,364.14,1
53,12.69,2.75,2.56,23.37,98.31,2.1999999999999997,0.41,0.51,0.7000000000000001,4.4799999999999995,0.85,2.02,530.73,2
54,12.12,0.86,2.47,17.060000000000002,93.57,2.23,2.34,0.33,1.9000000000000001,3.88,1.1199999999999999,2.0799999999999996,580.36,1
55,11.84,2.55,2.06,16.14,80.03,2.5,2.43,0.38,2.49,1.0099999999999998,1.29,2.43,230.19,1
56,12.03,1.0499999999999998,1.89,14.93,80.43,2.3499999999999996,2.18,0.24999999999999997,1.59,2.16,1.16,2.5100000000000002,327.22,1
57,12.02,0.45999999999999996,1.2400000000000002,9.15,81.82,1.71,0.13999999999999996,0.23000000000000004,0.16999999999999998,0.95,0.9500000000000001,1.51,383.7,1
58,12.68,1.51,2.26,20.64,79.76,1.3699999999999999,1.44,0.58,1.61,3.01,0.96,2.0500000000000003,489.79,1
59,12.44,2.58,1.91,18.03,89.28999999999999,0.94,-0.33999999999999997,0.32,0.79,1.94,0.39999999999999997,1.0499999999999998,549.69,2
60,11.92,3.7499999999999996,2.56,24.46,93.28,1.8200000000000003,1.52,0.35,1.3599999999999999,0.6700000000000002,0.78,2.69,172.81,1
61,12.93,1.31,2.0500000000000003,14.93,95.55,2.29,2.47,0.26,1.27,3.3000000000000003,1.14,2.57,965.99,0
62,11.87,2.2600000000000002,2.08,16.29,80.69,2.1300000000000003,1.74,0.19,1.7,0.96,1.0299999999999998,2.94,128.72,1
63,12.73,1.77,2.52,16.830000000000002,93.45,2.4699999999999998,2.71,0.22999999999999998,2.5100000000000002,4.449999999999999,0.91,2.79,1018.44,0
64,12.299999999999999,2.9899999999999998,2.2199999999999998,19.83,98.88,1.39,0.7,0.11000000000000001,0.55,3.84,0.67,0.9400000000000001,442.98,2
65,12.3,2.66,2.13,17.38,78.94,1.08,0.030000000000000027,0.32,0.61,8.79,0.57,1.3,485.18,2
66,13.690000000000001,1.45,2.6900000000000004,22.36,100.38,2.97,3.21,0.27999999999999997,2.36,5.6000000000000005,1.18,2.68,1271.34,0
67,11.459999999999999,3.7399999999999998,2.25,19.31,74.75,2.54,2.5199999999999996,0.15,2.62,1.6199999999999999,0.63,3.2800000000000002,220.23,1
68,12.46,0.9500000000000001,1.9000000000000001,14.55,96.53,2.54,2.27,0.19000000000000003,1.6099999999999999,3.34,0.71,2.83,654.26,0
69,13.24,1.3199999999999998,2.16,22.98,82.65,1.69,1.54,0.23,0.86,3.0300000000000002,0.9099999999999999,2.5599999999999996,376.13,1
70,13.5,3.14,2.7100000000000004,23.41,96.64,1.53,0.49,0.5,0.54,4.29,0.88,2.04,511.96,2
71,11.129999999999999,0.6900000000000001,2.54,18.03,85.59,2.37,2.33,0.21999999999999997,2.1500000000000004,1.2899999999999998,0.83,2.84,494.66999999999996,1
72,12.97,3.75,2.32,21.04,111.04,1.3199999999999998,1.25,0.32,1.0599999999999998,9.08,0.5399999999999999,1.23,506.87,2
73,12.229999999999999,1.44,2.25,23.93,85.57,2.1100000000000003,2.2800000000000002,0.38,1.7999999999999998,1.73,0.85,2.6599999999999997,288.44,1
74,12.72,0.9299999999999999,1.9500000000000002,14.629999999999999,83.87,1.96,1.48,0.18000000000000002,0.9400000000000002,2.3100000000000005,0.86,2.27,1061.65,0
75,13.610000000000001,1.0099999999999998,2.13,14.129999999999999,118.02,2.65,2.61,0.16999999999999998,1.78,4.3500000000000005,0.9600000000000001,3.31,604.04,0
76,12.79,1.77,2.16,17.65,78.95,0.96,-0.19999999999999996,0.28,0.24,3.9699999999999998,0.5399999999999999,1.9700000000000002,558.35,2
77,13.96,1.33,2.3400000000000003,14.469999999999999,122.19,2.59,2.72,0.24000000000000002,2.1,4.859999999999999,0.9600000000000001,3.6799999999999997,958.92,0
78,12.27,0.8800000000000001,1.7899999999999998,17.13,82.12,1.19,0.9500000000000002,0.24,1.11,1.5000000000000002,0.9500000000000001,2.48,432.37,1
79,12.27,0.81,2.32,15.43,84.85,2.04,1.6600000000000001,0.17,1.05,2.2800000000000002,0.93,3.13,791.16,0
80,11.4,0.3900000000000001,2.07,20.790000000000003,57.99,1.6700000000000002,0.7500000000000001,0.31999999999999995,0.8999999999999999,-0.20999999999999996,0.8800000000000001,2.61,360.1,1
81,13.48,1.1,1.98,14.26,93.58,2.77,2.87,0.15,1.84,4.89,0.79,2.96,821.31,0
82,13.41,3.02,2.68,23.06,95.13,1.47,0.39,0.48,0.47000000000000003,4.05,0.86,1.97,478.69,2
83,13.75,0.9900000000000001,2.23,11.98,84.8,2.01,1.74,0.19999999999999998,1.53,3.4299999999999997,0.8400000000000001,3.02,1042.96,0
84,12.68,1.25,2.5,28.74,133.6,3.0599999999999996,2.5100000000000002,0.15999999999999998,1.74,2.47,1.22,3.23,865.88,1
85,13.59,2.5,2.01,12.75,88.09,2.64,2.2,0.15000000000000002,1.63,2.6400000000000006,0.8200000000000001,2.75,758.23,0
86,12.79,2.89,2.59,23.79,100.08,2.28,0.54,0.52,0.77,4.77,0.88,2.1,569.82,2
87,11.84,4.27,2.3800000000000003,20.89,81.51,2.84,3.0,0.21,2.89,2.7199999999999998,0.74,3.62,369.29,1
88,12.379999999999999,0.8999999999999999,2.5,22.52,103.24,1.6400000000000001,0.39,0.15000000000000002,1.05,5.029999999999999,0.41,0.7000000000000001,143.70999999999998,2
89,12.28,5.17,2.56,23.97,91.6,1.6,0.29,0.59,0.9200000000000002,4.29,0.75,1.47,417.95,2
90,13.0,0.8399999999999999,2.42,13.940000000000001,101.5,2.41,1.85,0.27,1.14,4.109999999999999,0.9099999999999999,2.2600000000000002,1077.35,0
91,12.45,1.9500000000000002,2.17,18.19,80.38,1.14,0.12,0.43,0.41000000000000003,8.989999,0.48,1.3499999999999999,346.17,2
92,12.65,3.5699999999999994,2.61,21.92,98.85,1.4,0.039999999999999925,0.16000000000000003,0.5800000000000001,6.37,0.4600000000000001,1.27,340.0,2
93,12.51,1.52,2.1300000000000003,17.94,82.33,2.04,2.2699999999999996,0.23,1.62,3.3,1.0999999999999999,2.96,633.03,1
94,11.95,0.51,2.01,17.64,66.9,0.8099999999999999,0.5399999999999999,0.47,1.09,0.9199999999999999,0.75,1.4100000000000001,206.11,1
95,11.82,0.24,1.84,16.88,89.64,0.89,-0.3500000000000001,0.41000000000000003,0.8599999999999999,5.43,0.37,0.89,345.42,2
96,11.84,1.75,1.6199999999999999,16.53,92.84,2.05,1.88,0.22,1.23,2.6199999999999997,1.2,2.75,618.21,1
97,13.05,1.65,2.55,18.0,97.98,2.45,2.43,0.29,1.44,4.25,1.12,2.51,1104.58,0
98,12.29,0.83,1.33,10.26,86.56,1.92,0.47,0.27,0.36,1.72,1.03,1.75,488.25,1
99,12.81,2.65,1.96,16.7,76.01,1.09,-0.36,0.48,0.4,3.75,0.6200000000000001,1.2200000000000002,315.57,2
100,11.41,1.5299999999999998,1.8299999999999998,14.95,92.52,1.4100000000000001,1.26,0.30000000000000004,0.97,3.07,1.16,1.9200000000000002,329.22,1
101,12.180000000000001,2.0200000000000005,2.16,17.11,91.65,0.76,0.36,0.13,0.33999999999999997,3.4000000000000004,0.54,0.8099999999999999,257.8,2
102,13.6,0.93,2.25,12.729999999999999,101.45,2.81,2.6500000000000004,0.25,1.55,5.04,0.88,2.33,1217.41,0
103,13.13,1.12,2.16,14.43,109.42,2.82,2.76,0.27,2.04,4.9,0.83,3.0,627.96,0
104,13.26,3.72,2.43,22.43,99.57,1.69,0.58,0.41,1.3099999999999998,6.91,0.6599999999999999,1.44,696.4,2
105,12.63,1.63,2.4899999999999998,16.42,91.69,2.3899999999999997,2.5900000000000003,0.21999999999999997,2.44,4.17,0.88,2.71,979.72,0
106,13.700000000000001,1.1,2.52,17.54,109.46000000000001,2.34,2.4000000000000004,0.24000000000000002,1.55,4.49,0.9,2.13,1047.66,0
107,12.12,3.0700000000000003,2.1999999999999997,20.61,90.8,2.38,1.8399999999999999,0.33999999999999997,1.54,0.9099999999999999,1.03,2.62,238.04,1
108,13.26,1.0099999999999998,2.09,14.439999999999998,109.6,2.23,2.31,0.13999999999999999,1.28,4.489999999999999,0.79,2.7800000000000002,874.75,0
109,12.77,2.64,2.47,21.9,111.58,1.46,1.33,0.24,1.24,10.73,0.47,1.45,470.71,2
110,11.829999999999998,0.3899999999999999,1.9800000000000002,16.78,77.49,3.08,2.43,0.11,1.4900000000000002,2.91,1.07,2.4000000000000004,210.22,1
111,12.76,0.79,2.36,16.96,82.99,1.96,1.6999999999999997,0.17000000000000004,1.14,1.4100000000000001,0.9100000000000001,3.17,558.14,0
112,11.18,1.8800000000000001,2.7199999999999998,17.61,92.78,1.3,1.3099999999999998,0.51,0.6400000000000001,2.1399999999999997,1.07,1.99,381.56,1
113,11.98,1.01,1.8,18.34,75.75,1.7900000000000003,1.27,0.24,1.1099999999999999,1.44,0.89,3.11,468.01,1
114,13.17,1.24,2.5300000000000002,21.22,83.53,2.3600000000000003,0.7200000000000001,0.47000000000000003,2.07,10.86,0.48,1.51,499.46,2
115,12.86,2.1599999999999997,2.2600000000000002,18.72,114.51,1.41,0.30000000000000004,0.48000000000000004,1.24,8.41,0.51,1.35,719.03,2
116,11.69,0.51,2.04,18.46,72.99,2.1700000000000004,2.2399999999999998,0.28,1.25,1.83,0.48,2.19,65.20999999999998,1
117,13.58,0.91,2.24,12.66,101.14,2.79,2.63,0.25,1.53,4.99,0.88,2.31,1210.55,0
118,11.69,0.09999999999999998,1.73,12.15,124.66,1.4,1.06,0.24999999999999997,2.3099999999999996,1.5599999999999998,0.8800000000000001,1.75,499.97,1
119,12.33,2.43,2.46,20.95,97.8,2.5500000000000003,2.1,0.34,1.3,2.77,0.8,3.37,433.56,1
120,12.42,1.09,1.8399999999999999,17.75,84.81,1.31,1.1400000000000001,0.26,1.2200000000000002,1.9300000000000002,0.99,2.61,491.75,1
121,13.24,1.29,2.35,19.18,110.34,2.71,2.38,0.15000000000000002,2.22,5.33,0.89,2.75,995.24,0
122,12.58,3.32,2.53,17.16,95.83,2.14,1.9800000000000002,0.2,1.73,3.5,0.93,3.21,633.99,0
123,13.92,1.2400000000000002,2.2199999999999998,10.1,93.89,2.94,3.0700000000000003,0.21999999999999997,2.63,6.18,1.0699999999999998,2.6,1368.08,0
124,12.99,1.9699999999999998,3.2,24.75,122.93,2.58,2.6100000000000003,0.45999999999999996,1.88,3.41,1.1099999999999999,3.1500000000000004,806.41,0
125,13.309999999999999,0.76,2.48,22.740000000000002,76.35,2.5300000000000002,2.19,0.13,1.48,1.8099999999999998,1.2100000000000002,2.68,197.21,1
126,10.399999999999999,0.64,1.9900000000000002,18.9,73.87,1.97,1.39,0.42000000000000004,1.5599999999999998,0.08999999999999986,1.53,2.3200000000000003,161.7,1
127,12.39,2.67,2.16,16.17,96.03999999999999,0.95,0.0,0.31000000000000005,0.5399999999999999,3.66,0.52,1.25,455.33000000000004,2
128,12.45,2.59,1.91,18.06,89.43,0.95,-0.32999999999999996,0.32,0.8,1.96,0.39999999999999997,1.06,552.8,2
129,11.61,0.8500000000000001,2.12,20.54,80.32,1.36,1.0099999999999998,0.35,1.17,0.8800000000000001,1.1800000000000002,1.7799999999999998,281.65999999999997,1
130,13.950000000000001,1.99,2.57,17.130000000000003,119.01,2.5100000000000002,2.3699999999999997,0.29,1.17,4.7299999999999995,1.03,3.48,1251.14,0
131,13.48,0.94,2.03,13.8,86.58,2.2399999999999998,1.67,0.18,1.6,3.17,0.89,3.12,827.35,0
132,12.04,0.6100000000000001,1.99,17.13,82.14,3.26,3.34,0.19,1.72,3.55,0.9500000000000001,2.48,530.87,1
133,12.13,0.6500000000000001,1.85,14.690000000000001,90.97,1.62,0.7799999999999999,0.45,0.26,4.28,0.84,1.1400000000000001,250.88,1
134,13.1,3.49,2.05,19.9,76.89,0.79,-0.31000000000000005,0.42000000000000004,0.7,4.82,0.6000000000000001,1.2,275.09000000000003,2
135,14.47,1.35,2.3000000000000003,10.27,86.15,2.89,3.35,0.39,2.62,4.61,1.17,2.49,1043.1,0
136,11.53,1.07,2.13,16.23,71.28999999999999,1.1700000000000002,0.82,0.44,1.25,0.8199999999999998,0.92,1.79,265.82,1
137,13.7,1.1300000000000001,2.21,15.33,95.13,2.85,2.9499999999999997,0.19,1.73,6.75,0.96,3.4099999999999997,981.69,0
138,12.79,2.62,2.6500000000000004,20.44,93.62,1.44,0.32999999999999996,0.51,0.65,4.21,0.73,2.19,547.43,2
139,13.26,1.22,2.25,17.78,100.35,2.61,2.79,0.16999999999999998,1.72,5.98,1.0,2.5999999999999996,1390.35,0
140,12.34,2.5700000000000003,2.41,19.91,97.03999999999999,1.2599999999999998,-0.030000000000000027,0.52,0.6,4.13,0.73,1.66,372.46000000000004,2
141,11.33,1.23,2.5100000000000002,24.7,82.42,1.68,1.2200000000000002,0.35000000000000003,1.12,1.69,1.27,2.9299999999999997,439.07,1
142,12.31,1.0299999999999998,2.97,21.94,110.9,2.06,1.7600000000000002,0.36,1.4,1.4500000000000002,0.9199999999999999,2.5500000000000003,541.1800000000001,0
143,12.5,4.1000000000000005,2.36,19.98,79.51,1.42,0.2,0.41,0.6,6.6000000000000005,0.44000000000000006,1.54,481.84000000000003,2
144,12.27,0.8099999999999999,1.33,10.2,86.27,1.9,0.44999999999999996,0.26,0.35,1.67,1.02,1.73,481.95,1
145,13.8,1.2799999999999998,2.19,14.95,121.51,2.8,2.86,0.19999999999999998,1.9200000000000002,4.92,1.02,3.4899999999999998,681.08,0
146,11.91,3.41,2.08,17.1,106.0,1.1199999999999999,0.36000000000000004,0.24,0.8999999999999999,7.240000000000001,0.55,1.7,722.65,2
147,11.17,1.4100000000000001,2.3,19.650000000000002,75.66,1.58,1.1099999999999999,0.41,1.02,1.4499999999999997,0.87,2.34,496.07,1
148,11.889999999999999,1.07,2.08,18.77,96.05,0.8,0.53,0.31,1.18,1.92,0.796,1.4700000000000002,716.67,1
149,10.559999999999999,0.87,2.04,19.58,76.78999999999999,2.1,1.6,0.45,1.6799999999999997,0.5699999999999998,1.58,2.46,225.97,1
150,11.41,0.46999999999999986,2.27,19.75,72.25,2.05,1.4700000000000002,0.32999999999999996,0.5700000000000001,0.99,0.74,2.61,125.95999999999998,1
151,12.14,0.72,1.88,14.0,132.58,1.75,1.61,0.31999999999999995,2.6199999999999997,2.84,1.01,2.14,674.56,1
152,13.29,0.8200000000000001,2.44,17.77,105.48,2.5300000000000002,2.73,0.32,1.3399999999999999,5.05,0.9799999999999999,2.0999999999999996,919.99,0
153,12.22,1.33,1.88,19.3,79.87,1.9800000000000002,1.56,0.28,1.27,2.11,0.9600000000000001,3.32,558.9300000000001,1
154,12.479999999999999,1.04,2.54,22.92,104.96000000000001,1.7200000000000002,0.51,0.16,1.12,5.31,0.43,0.78,181.49,2
155,13.5,1.78,2.65,18.95,109.79,2.3400000000000003,2.52,0.29,1.53,4.17,1.1,2.8600000000000003,1090.34,0
156,13.49,1.5799999999999996,2.25,17.23,79.14,1.16,-0.13,0.33999999999999997,0.76,7.779999999999999,0.43,1.12,398.54,2
157,12.290000000000001,1.2200000000000002,2.0500000000000003,17.02,78.39,1.87,1.9999999999999998,0.19,1.47,2.67,1.04,2.7600000000000002,546.29,1
158,11.91,1.59,2.26,17.78,77.93,1.4700000000000002,1.29,0.49,1.52,1.9,1.03,2.12,412.40999999999997,1
159,12.49,0.8300000000000001,2.19,16.46,115.4,1.22,0.79,0.15,0.6799999999999999,3.0299999999999994,0.65,0.96,484.59000000000003,2
160,12.99,2.79,2.27,20.15,86.24,1.68,0.36,0.4,1.02,7.49,0.4600000000000001,1.33,523.1,2
161,12.57,-0.1200000000000001,2.0999999999999996,13.83,96.43,1.94,0.3500000000000001,0.43000000000000005,-0.12000000000000005,0.9699999999999998,0.8,1.2599999999999998,450.7,1
162,12.19,2.36,2.36,19.27,94.35,1.14,-0.21999999999999997,0.5,0.49,3.6900000000000004,0.6799999999999999,1.5299999999999998,313.04,2
163,11.6,3.69,2.23,20.17,72.19,1.76,1.2,0.35,1.04,1.33,0.66,2.1799999999999997,407.77,1
164,11.9,0.74,2.0100000000000002,16.68,152.06,2.06,1.57,0.23,2.88,0.99,0.9999999999999999,2.1399999999999997,717.8,1
165,13.54,1.6300000000000001,2.31,16.61,101.46,2.31,2.51,0.39999999999999997,1.8699999999999999,3.4299999999999997,1.19,2.74,933.96,0
166,11.290000000000001,0.17000000000000004,2.07,18.259999999999998,89.28999999999999,2.87,1.3200000000000003,0.03,1.18,1.31,0.8,2.55,627.71,1
167,13.069999999999999,1.3499999999999999,2.77,14.64,106.32,2.44,2.42,0.31000000000000005,1.2100000000000002,3.9999999999999996,1.03,2.5999999999999996,798.96,0
168,12.93,2.05,2.59,17.67,97.0,2.6199999999999997,2.96,0.27,2.65,5.029999999999999,0.97,2.9699999999999998,1096.91,0
169,11.82,0.96,2.4099999999999997,17.54,97.78,1.6199999999999999,1.31,0.4,0.78,1.9400000000000002,1.3499999999999999,1.92,217.75,1
170,12.28,1.9100000000000001,2.48,18.32,84.53999999999999,1.04,-0.30000000000000004,0.43000000000000005,0.29,2.7399999999999993,0.5900000000000001,1.7400000000000002,347.24,2
171,13.42,4.67,2.2800000000000002,19.17,88.45,1.84,0.55,0.43999999999999995,0.88,3.8200000000000003,0.8500000000000001,1.8699999999999999,471.76,2
172,12.59,1.42,3.0700000000000003,23.12,115.96000000000001,2.28,2.12,0.39999999999999997,1.5999999999999999,2.27,0.9999999999999999,2.8000000000000003,652.64,0
173,12.78,3.6,2.09,17.98,111.37,1.21,0.08999999999999997,0.35,1.0,8.799999999999999,0.44999999999999996,1.1300000000000001,644.65,2
174,12.26,2.9499999999999997,2.21,19.71,98.33,1.3599999999999999,0.6599999999999999,0.1,0.53,3.76,0.66,0.91,431.0,2
175,13.069999999999999,1.3499999999999999,2.77,14.64,106.33,2.44,2.42,0.31000000000000005,1.2100000000000002,4.01,1.03,2.5999999999999996,799.1800000000001,0
176,13.39,5.21,2.3400000000000003,19.2,89.43,1.44,0.21999999999999997,0.47000000000000003,0.8400000000000001,6.8,0.55,1.46,617.14,2
177,12.16,0.7300000000000001,1.75,16.69,80.24,1.1099999999999999,0.8200000000000001,0.21999999999999997,1.04,1.1900000000000002,0.92,2.38,390.93,1
178,13.100000000000001,0.57,2.29,14.129999999999999,97.01,2.92,2.9,0.09,1.6,5.02,0.71,2.3200000000000003,1042.79,0
179,11.37,3.3699999999999997,2.15,19.23,68.15,1.58,0.92,0.31999999999999995,0.8800000000000001,0.6800000000000002,0.6000000000000001,1.98,318.7,1
180,11.82,1.1400000000000001,2.19,21.39,83.98,1.52,1.27,0.38,1.32,1.4700000000000002,1.23,1.9599999999999997,362.16999999999996,1
181,12.06,1.3,2.29,23.520000000000003,69.64,2.18,1.56,0.42,1.3699999999999999,1.68,1.06,3.19,616.99,1
182,13.53,1.62,2.31,16.57,101.29,2.3,2.5,0.39999999999999997,1.8599999999999999,3.4,1.19,2.74,930.24,0
183,13.780000000000001,3.45,2.29,17.13,103.44,2.52,2.12,0.22999999999999998,0.95,4.01,0.75,2.95,913.38,0
184,12.3,2.83,2.0999999999999996,18.31,99.34,0.8099999999999999,0.42999999999999994,0.22000000000000003,0.5899999999999999,7.18,0.35,0.65,248.89,2
185,12.35,2.9,2.11,18.509999999999998,100.21000000000001,0.8499999999999999,0.4999999999999999,0.23000000000000004,0.6299999999999999,7.32,0.36999999999999994,0.6900000000000001,268.02,2
186,13.24,0.98,2.08,14.339999999999998,109.18,2.21,2.28,0.13,1.27,4.42,0.78,2.7600000000000002,865.63,0
187,12.93,0.76,1.68,15.59,84.25,1.8699999999999999,1.9099999999999997,0.22,1.39,4.319999999999999,1.16,2.39,353.52,1
188,13.079999999999998,0.8199999999999998,2.53,16.169999999999998,93.19,2.3400000000000003,2.0,0.25,1.21,2.26,1.03,2.71,610.4100000000001,0
189,12.35,1.18,2.5500000000000003,18.01,97.63,2.4,2.62,0.37,2.0700000000000003,4.54,1.18,2.28,669.84,1
190,13.59,0.92,2.24,12.69,101.28,2.8,2.64,0.25,1.54,5.01,0.88,2.3200000000000003,1213.74,0
191,11.44,1.29,1.96,18.39,73.85,2.1100000000000003,1.8699999999999999,0.27,0.9000000000000001,0.9499999999999997,0.6799999999999999,2.7299999999999995,132.23,1
192,12.33,1.03,2.1399999999999997,19.2,73.59,1.0999999999999999,1.01,0.52,1.36,2.01,0.86,1.74,353.72,1
193,11.82,1.4700000000000002,1.94,18.14,75.77,2.01,1.4100000000000001,0.15000000000000002,0.73,0.010000000000000009,0.7,2.17,55.360000000000014,1
194,13.200000000000001,1.51,2.56,15.320000000000002,89.65,2.7,2.71,0.31000000000000005,1.3199999999999998,4.26,0.87,3.0500000000000003,1121.13,0
195,13.2,1.9599999999999997,2.0999999999999996,19.6,79.74,0.9000000000000001,-0.039999999999999925,0.31999999999999995,0.6200000000000001,7.92,0.5399999999999999,1.17,388.89,2
196,11.93,0.5199999999999999,2.0100000000000002,17.17,79.19,3.16,2.55,0.12,1.56,3.18,1.1,2.48,247.79,1
197,14.15,3.9000000000000004,2.4899999999999998,12.92,126.8,2.95,2.96,0.19,2.0300000000000002,4.8999999999999995,0.87,3.4699999999999998,733.44,0
198,12.67,3.5999999999999996,2.61,22.009999999999998,99.19,1.42,0.05999999999999994,0.16000000000000003,0.6000000000000001,6.42,0.47000000000000003,1.2799999999999998,347.62,2
199,13.2,0.7899999999999999,2.39,14.62,82.97,1.9700000000000002,2.22,0.12,1.85,3.8099999999999996,1.06,2.8200000000000003,1021.76,0
200,12.27,0.8600000000000001,2.0,18.72,97.54,1.24,0.19999999999999996,0.48000000000000004,1.18,6.71,0.49,1.28,519.53,2
201,11.819999999999999,4.239999999999999,2.37,20.8,81.15,2.82,2.9699999999999998,0.19999999999999998,2.8800000000000003,2.6599999999999997,0.74,3.6,361.17,1
202,12.27,0.9400000000000001,2.0700000000000003,18.11,86.31,3.45,3.63,0.22999999999999998,1.88,4.23,1.01,2.69,622.78,1
203,11.45,1.21,1.49,14.89,85.84,1.74,1.39,0.16,0.95,1.4899999999999998,1.09,2.41,463.89,1
204,11.76,3.0100000000000002,2.1799999999999997,18.54,77.47,1.8399999999999999,0.18000000000000005,0.41000000000000003,0.6200000000000001,5.94,0.39,1.06,287.88,2
205,12.1,4.51,2.49,20.38,86.35,1.2599999999999998,0.27999999999999997,0.51,0.6900000000000001,3.42,0.71,1.1400000000000001,661.48,2
206,13.540000000000001,1.65,2.27,17.43,80.01,1.2,-0.07000000000000006,0.33999999999999997,0.8,7.919999999999999,0.44,1.16,417.76,2
207,12.89,0.7899999999999999,2.08,13.459999999999999,105.26,2.6399999999999997,2.47,0.24000000000000002,1.8699999999999999,4.22,0.76,2.8,536.19,0
208,12.799999999999999,0.5900000000000001,1.5999999999999999,13.73,72.57,2.74,2.8000000000000003,0.21000000000000002,2.0599999999999996,4.42,1.03,2.91,382.24,1
209,12.53,4.32,2.11,19.39,81.83,1.25,-0.15000000000000002,0.51,1.1,6.09,0.42,0.9199999999999999,478.61,2
210,13.370000000000001,3.87,2.1399999999999997,21.02,81.68,1.0,0.02999999999999997,0.46,0.8999999999999999,5.59,0.68,1.44,380.65,2
211,13.39,3.4499999999999997,2.16,19.08,86.2,1.54,0.35,0.5599999999999999,0.81,5.41,0.78,1.73,540.34,2
212,11.18,1.2199999999999998,1.76,14.02,88.52,1.2400000000000002,0.9800000000000001,0.27,0.8099999999999998,2.42,1.0899999999999999,1.7200000000000002,241.0,1
213,13.299999999999999,2.7299999999999995,2.41,18.41,100.19,1.53,0.08000000000000007,0.44,0.53,4.779999999999999,0.85,1.48,529.96,2
214,11.96,1.33,2.02,17.81,74.92,1.43,1.6799999999999997,0.33,1.43,2.58,0.92,2.92,398.09000000000003,1
215,12.510000000000002,0.98,1.86,10.17,82.46000000000001,2.3000000000000003,2.6,0.09000000000000001,2.5300000000000002,5.65,0.9700000000000001,2.4400000000000004,939.74,0
216,11.709999999999999,2.93,2.1599999999999997,18.32,76.56,1.7999999999999998,0.12,0.4,0.5800000000000001,5.79,0.38000000000000006,1.0100000000000002,267.68,2
217,13.61,1.33,2.6500000000000004,18.9,129.43,2.8400000000000003,2.56,0.48,1.25,4.98,1.21,2.87,1178.36,0
218,12.100000000000001,0.6200000000000001,1.84,14.600000000000001,90.59,1.61,0.7499999999999999,0.45,0.24,4.22,0.83,1.12,242.45,1
219,12.14,2.29,2.34,19.07,93.48,1.0999999999999999,-0.28,0.49,0.45999999999999996,3.5500000000000003,0.6699999999999999,1.4899999999999998,294.02,2
220,12.649999999999999,0.38,1.58,14.45,79.35,1.66,1.5599999999999998,0.18,1.19,3.5199999999999996,1.0799999999999998,2.15,245.4,1
221,12.33,1.1099999999999999,1.91,19.42,77.24,2.08,1.95,0.26,1.01,4.56,1.11,3.44,493.22,1
222,13.12,1.26,2.52,17.4,103.15,2.0500000000000003,2.05,0.22999999999999998,1.27,3.09,0.9900000000000001,2.5300000000000002,943.89,0
223,11.36,0.83,1.83,18.89,77.83,1.62,1.0300000000000002,0.22999999999999998,1.2,0.6199999999999999,0.82,2.92,314.91999999999996,1
224,13.040000000000001,1.01,2.28,18.36,106.84,2.56,2.1399999999999997,0.12000000000000001,2.08,4.76,0.83,2.57,918.02,0
225,11.5,0.2300000000000001,1.83,16.93,77.16,2.03,1.6399999999999997,0.21999999999999997,1.08,1.07,1.2399999999999998,2.68,83.09,1
226,11.4,0.56,2.05,19.66,76.55,1.19,0.75,0.31,1.02,0.27,1.11,1.5899999999999999,198.5,1
227,13.48,1.0899999999999999,2.42,15.69,103.69,3.21,3.37,0.15,1.87,6.1,0.8200000000000001,2.66,1189.98,0
228,11.71,0.53,1.9,17.83,80.98,2.1999999999999997,1.9099999999999997,0.26,1.23,1.69,1.2999999999999998,2.87,167.42000000000002,1
229,12.38,0.58,2.14,16.8,93.87,1.9700000000000002,1.58,0.26,1.25,1.79,1.15,2.9000000000000004,336.78,1
230,11.62,3.86,2.33,18.42,77.95,0.8999999999999999,-0.30000000000000004,0.43000000000000005,0.36000000000000004,2.06,0.5700000000000001,0.72,476.33000000000004,2
231,13.67,1.3599999999999999,2.48,16.49,107.12,3.36,3.61,0.18,2.0,6.66,0.88,2.83,1265.54,0
232,12.469999999999999,2.28,2.16,17.95,91.66,1.52,0.5,0.61,0.85,6.72,0.69,1.46,643.35,2
233,12.02,0.6499999999999999,2.04,17.55,80.81,3.23,2.67,0.14,1.62,3.45,1.1199999999999999,2.56,283.53,1
234,11.78,1.67,2.05,19.36,78.71000000000001,1.19,1.05,0.56,0.97,0.8700000000000001,0.6799999999999999,2.7399999999999998,66.1,1
235,10.860000000000001,2.91,1.62,17.02,96.4,2.72,1.84,0.15,3.16,1.18,0.58,2.2800000000000002,328.36,1
236,13.42,0.9,1.8299999999999998,16.96,89.53,1.9000000000000001,1.48,0.28,0.55,3.08,1.16,2.2399999999999998,531.52,1
237,13.42,2.8899999999999997,2.45,18.9,102.31,1.62,0.23000000000000004,0.46,0.6100000000000001,5.12,0.88,1.59,576.61,2
238,12.459999999999999,1.0099999999999998,2.53,22.84,104.62,1.7000000000000002,0.48,0.16,1.1,5.25,0.43,0.7600000000000001,174.06,2
239,10.989999999999998,1.13,2.07,15.42,86.96000000000001,2.54,1.4899999999999998,0.07,0.9100000000000001,1.46,0.98,2.41,101.61000000000001,1
240,11.89,0.8700000000000001,2.01,20.3,98.6,1.59,1.4299999999999997,0.26,1.23,0.53,0.91,2.49,137.73,1
241,12.149999999999999,2.64,2.1700000000000004,17.43,85.56,2.3400000000000003,2.08,0.23,1.89,1.75,1.1099999999999999,3.1799999999999997,236.29,1
242,11.48,0.79,2.2399999999999998,19.86,76.85,1.0499999999999998,0.61,0.42,1.2599999999999998,2.1100000000000003,0.9,2.1999999999999997,248.2,1
243,11.41,1.07,2.6300000000000003,19.17,90.45,2.58,2.67,0.26,2.35,2.07,0.8999999999999999,3.0799999999999996,601.64,1
244,14.059999999999999,1.4,2.3,16.55,93.94,2.1500000000000004,2.3600000000000003,0.25,1.53,4.83,1.15,2.77,1256.68,0
245,14.36,1.94,2.5,16.77,112.86,3.8400000000000003,3.4800000000000004,0.24,2.1700000000000004,7.78,0.86,3.4400000000000004,1476.98,0
246,13.4,3.91,2.48,22.99,101.94,1.8,0.75,0.43,1.41,7.29,0.7,1.56,748.66,2
247,10.959999999999999,1.41,2.1700000000000004,21.19,83.69,2.4,2.08,0.51,1.9599999999999997,1.69,1.69,2.8000000000000003,378.13,1
248,13.17,1.3900000000000001,2.31,19.23,94.57,2.46,2.6,0.21000000000000002,1.6400000000000001,4.22,0.9500000000000001,3.2,800.28,0
249,11.799999999999999,0.66,2.08,18.9,74.88,2.25,2.37,0.29000000000000004,1.32,2.1399999999999997,0.51,2.29,106.88999999999999,1
250,12.17,1.27,2.11,21.48,103.65,1.81,1.7899999999999998,0.30000000000000004,1.4400000000000002,1.35,0.99,2.7399999999999998,249.15,1
251,11.64,1.47,1.8199999999999998,18.76,82.84,2.36,1.42,0.33999999999999997,1.29,1.55,0.8899999999999999,2.28,345.28,1
252,11.89,3.2800000000000002,1.96,18.55,85.09,1.92,1.5099999999999998,0.35,1.79,0.97,0.9,2.96,521.91,1
253,10.95,1.71,2.25,17.95,87.22,2.52,2.18,0.24,1.48,1.82,0.66,2.95,431.38,1
254,12.6,4.24,2.39,20.39,81.25,1.49,0.32,0.43,0.6699999999999999,6.880000000000001,0.46,1.62,520.33,2
255,12.209999999999999,1.62,2.09,17.19,76.12,0.96,-0.17999999999999994,0.39,0.24,8.299999,0.4099999999999999,1.14,252.25,2
256,11.48,0.6699999999999999,1.86,15.83,66.43,1.06,1.0799999999999998,0.25,1.0899999999999999,1.1999999999999997,0.78,2.5,210.77999999999997,1
257,12.0,1.2799999999999998,2.47,22.17,82.6,2.5,2.19,0.42,0.98,2.67,0.91,3.12,354.03,1
258,12.860000000000001,2.79,2.1599999999999997,16.98,91.52,1.52,0.37999999999999995,0.55,1.61,9.469999999999999,0.4600000000000001,1.19,532.04,2
259,10.940000000000001,1.09,2.2199999999999998,18.700000000000003,71.61,1.41,0.82,0.37,0.8500000000000001,0.79,0.8,2.13,406.83,1
260,12.91,2.86,2.17,17.17,92.32,1.55,0.42999999999999994,0.5599999999999999,1.6400000000000001,9.6,0.4700000000000001,1.23,549.8,2
261,12.85,0.7799999999999999,2.02,21.37,75.75,1.39,1.05,0.17,0.5800000000000001,1.9100000000000001,0.8,2.2199999999999998,224.02,1
262,11.719999999999999,0.18000000000000005,1.8800000000000001,15.84,76.64,3.02,2.96,0.13999999999999999,1.49,2.66,0.8600000000000001,2.21,409.55,1
263,13.45,0.95,1.8499999999999999,17.1,90.13,1.9300000000000002,1.52,0.29000000000000004,0.57,3.17,1.17,2.27,544.7,1
264,13.11,4.0600000000000005,2.21,19.34,117.16,1.4700000000000002,0.48999999999999994,0.41,1.24,9.739999999999998,0.5399999999999999,1.42,772.44,2
265,10.709999999999999,1.38,2.17,16.95,82.96000000000001,2.33,1.88,0.21000000000000002,1.31,1.13,0.5900000000000001,2.74,337.39,1
266,13.479999999999999,0.6,2.0999999999999996,14.16,83.7,1.7000000000000002,1.6400000000000001,0.16,1.12,3.17,0.99,2.26,1030.8600000000001,0
267,14.01,1.45,2.38,15.31,106.64,3.5700000000000003,3.0500000000000003,0.18,1.9300000000000002,6.77,0.76,3.1300000000000003,1339.8,0
268,11.549999999999999,0.3899999999999999,1.73,12.96,71.98,1.98,1.5899999999999999,0.18,1.25,0.79,1.02,2.0900000000000003,140.95999999999998,1
269,13.15,1.15,2.17,14.53,109.87,2.84,2.79,0.28,2.05,4.97,0.84,3.03,637.75,0
270,12.350000000000001,4.83,1.89,18.61,73.64,2.08,1.79,0.19,1.5099999999999998,0.5900000000000003,0.53,2.49,107.54000000000002,1
271,12.73,0.78,2.16,17.41,86.78999999999999,2.12,2.06,0.14,1.33,2.9599999999999995,0.8300000000000001,2.81,628.8199999999999,0
272,13.65,1.79,2.35,17.09,103.54,2.4,2.66,0.42,1.95,3.77,1.22,2.85,979.93,0
273,11.69,0.5899999999999999,2.38,22.39,71.13,1.7,1.1,0.34,1.1199999999999999,1.08,1.2,2.3800000000000003,478.43,1
274,13.72,1.6099999999999999,2.38,13.57,109.17,3.8,3.6100000000000003,0.3,1.8,6.75,0.98,3.17,1149.55,0
275,13.110000000000001,1.46,2.08,16.22,90.68,2.25,1.96,0.24000000000000002,1.2200000000000002,3.41,0.97,2.6,1211.79,0
276,12.25,0.9900000000000001,2.25,15.67,99.59,1.9899999999999998,0.9900000000000001,0.62,0.35,3.04,1.23,1.5999999999999999,648.85,1
277,12.31,1.0299999999999998,2.97,21.94,110.93,2.06,1.77,0.36,1.4,1.46,0.9199999999999999,2.5500000000000003,541.74,0
278,13.97,1.5,2.25,15.62,124.39,2.93,3.06,0.22999999999999998,2.04,5.390000000000001,1.06,3.63,744.56,0
279,11.5,1.03,1.88,19.5,80.42,1.74,1.21,0.25,1.31,1.04,0.86,3.05,372.0,1
280,12.280000000000001,2.63,2.1199999999999997,17.28,78.52,1.06,0.0,0.32,0.59,8.719999999999999,0.57,1.28,475.9,2
281,14.5,1.18,2.06,12.64,91.17,2.54,2.57,0.24,1.75,4.25,0.9900000000000001,2.56,916.56,0
282,12.200000000000001,1.03,2.0999999999999996,20.36,74.85,0.9799999999999999,1.12,0.39999999999999997,1.2599999999999998,1.8099999999999998,0.73,1.97,286.26,1
283,14.33,1.81,2.36,11.81,101.21,3.27,3.58,0.27999999999999997,2.93,7.37,1.19,2.96,1529.51,0
284,11.57,1.75,1.89,15.61,95.34,1.54,1.4500000000000002,0.33,1.0799999999999998,3.53,1.2,2.06,391.39,1
285,11.53,0.3799999999999999,2.3299999999999996,21.75,68.38,1.58,0.91,0.32,1.0099999999999998,0.6400000000000001,1.1600000000000001,2.24,417.82,1
286,12.719999999999999,1.67,2.13,17.35,77.68,0.8999999999999999,-0.29000000000000004,0.27,0.19,3.76,0.52,1.9100000000000001,530.38,2
287,12.4,2.91,1.85,14.46,73.4,1.3399999999999999,0.79,0.37,0.57,2.33,0.59,1.79,226.54,1
288,11.35,0.20999999999999996,2.41,15.97,85.31,1.8200000000000003,1.6,0.14,2.0,1.64,0.65,2.65,328.5,1
289,11.47,2.38,2.1,16.46,105.43,1.43,0.8600000000000001,0.37,0.69,1.5799999999999998,0.85,2.19,355.21000000000004,1
290,11.61,2.9899999999999998,1.9800000000000002,15.85,100.67,0.8799999999999999,-0.010000000000000009,0.18999999999999997,0.69,6.370000000000001,0.47000000000000003,1.44,605.12,2
291,13.299999999999999,1.06,2.03,14.72,90.98,2.3400000000000003,2.34,0.1,1.8199999999999998,3.47,1.03,2.4699999999999998,1200.93,0
292,13.49,1.1,2.5100000000000002,18.61,109.05,2.6900000000000004,2.98,0.35000000000000003,1.48,5.63,1.0299999999999998,2.27,998.88,0
293,11.84,0.8200000000000001,1.99,20.12,97.84,1.55,1.38,0.25,1.2000000000000002,0.41000000000000014,0.9,2.45,121.0,1
294,12.25,2.86,2.42,15.8,90.01,1.8800000000000001,1.5700000000000003,0.15,1.5,2.55,0.8400000000000001,2.92,505.54,0
295,13.690000000000001,0.9100000000000001,2.21,11.719999999999999,83.69,1.96,1.6600000000000001,0.19,1.49,3.25,0.8200000000000001,2.97,1018.64,0
296,13.94,1.3599999999999999,2.36,15.05,105.5,3.52,2.97,0.16999999999999998,1.8800000000000001,6.58,0.74,3.08,1314.57,0
297,13.600000000000001,3.2,2.23,16.4,100.32,2.38,1.9,0.21,0.8200000000000001,3.5100000000000002,0.7,2.8,844.59,0
298,11.770000000000001,0.56,1.9600000000000002,16.12,149.66,1.96,1.4100000000000001,0.21000000000000002,2.79,0.6000000000000001,0.96,2.02,665.01,1
299,13.200000000000001,3.08,2.34,21.02,89.94,1.8399999999999999,0.62,0.43,1.17,8.08,0.52,1.52,604.49,2
300,10.399999999999999,0.65,1.9900000000000002,18.92,73.96000000000001,1.98,1.4,0.42000000000000004,1.5699999999999998,0.10999999999999988,1.53,2.3200000000000003,163.59,1
301,14.040000000000001,1.56,2.6300000000000003,18.91,115.35,2.5999999999999996,2.81,0.29000000000000004,1.78,5.45,1.0,2.42,1177.52,0
302,12.65,3.4099999999999997,2.56,17.450000000000003,97.07,2.19,2.06,0.21,1.78,3.7,0.9500000000000001,3.27,661.2,0
303,12.23,1.52,2.21,21.63,87.85,0.71,0.3800000000000001,0.18000000000000002,0.42,4.050000000000001,0.5,0.8600000000000001,336.22,2
304,12.48,2.2699999999999996,2.03,15.42,84.82,1.2200000000000002,-0.09000000000000008,0.5,1.34,8.379999999999999,0.3500000000000001,0.85,384.43,2
305,13.26,2.58,2.43,13.66,109.39,2.41,2.57,0.11000000000000001,1.4,4.029999999999999,0.85,3.03,699.35,0
306,12.64,1.0899999999999999,2.4099999999999997,16.32,90.83,2.14,1.9300000000000002,0.22999999999999998,1.15,3.09,1.01,2.15,946.85,0
307,13.870000000000001,3.5,2.3899999999999997,11.75,121.79,2.73,2.61,0.15000000000000002,1.83,4.09,0.79,3.2199999999999998,623.16,0
308,13.799999999999999,1.54,2.22,16.82,105.53,2.77,3.37,0.3,1.98,8.5,1.08,2.98,1205.6,0
309,11.979999999999999,3.3,2.25,19.42,81.24,1.9999999999999998,0.45000000000000007,0.44,0.77,6.550000000000001,0.45000000000000007,1.24,370.86,2
310,12.33,0.8299999999999998,2.49,22.3,102.31,1.6,0.32000000000000006,0.14,1.01,4.879999999999999,0.39,0.65,123.10000000000002,2
311,12.819999999999999,2.8400000000000003,2.39,20.42,99.97,1.22,0.15000000000000002,0.32999999999999996,1.02,8.89,0.6699999999999999,1.01,451.83000000000004,2
312,12.77,0.94,2.67,13.41,101.06,2.21,2.0500000000000003,0.26,1.0,3.1499999999999995,0.9500000000000001,2.34,682.96,0
313,11.34,0.32000000000000006,2.05,20.57,57.019999999999996,1.6300000000000003,0.68,0.31,0.8599999999999999,-0.3699999999999999,0.8600000000000001,2.56,338.9,1
314,11.67,1.51,1.8299999999999998,18.87,83.29,2.38,1.45,0.35,1.3099999999999998,1.62,0.8999999999999999,2.31,355.27,1
315,13.440000000000001,3.9600000000000004,2.1599999999999997,21.29,82.84,1.05,0.10999999999999999,0.48000000000000004,0.94,5.78,0.7000000000000001,1.49,406.17,2
316,11.27,1.06,1.9,17.71,70.95,1.98,1.67,0.25,0.79,0.48,0.64,2.58,68.23000000000002,1
317,12.760000000000002,1.37,2.0,15.8,101.87,2.78,2.64,0.24000000000000002,1.8199999999999998,4.21,0.8,3.09,771.89,0
318,13.0,1.66,2.02,12.18,91.05,2.68,3.2,0.16,2.87,7.05,1.1,2.8600000000000003,1129.0,0
319,14.1,0.83,2.17,8.72,79.55,2.6,2.8899999999999997,0.32999999999999996,2.35,3.54,1.07,2.16,897.61,0
320,11.35,1.5299999999999998,2.63,26.71,84.34,1.7899999999999998,1.7000000000000002,0.51,1.45,1.76,0.85,2.06,297.16999999999996,1
321,13.47,1.77,2.6,19.87,95.46,2.51,2.57,0.28,1.64,3.43,1.11,3.79,833.06,0
322,13.92,1.7,2.2600000000000002,17.31,107.6,2.86,3.5100000000000002,0.32,2.06,8.84,1.11,3.08,1251.18,0
323,11.780000000000001,0.8400000000000001,2.2399999999999998,20.26,97.84,3.2399999999999998,1.9200000000000002,0.1,1.52,2.7,0.94,2.9699999999999998,816.39,1
324,13.01,3.36,2.1,20.38,99.37,1.38,0.37000000000000005,0.41,1.19,3.57,0.5599999999999999,1.5499999999999998,771.99,2
325,10.92,0.05999999999999994,2.33,18.97,79.31,2.1,1.4,0.33999999999999997,1.0899999999999999,1.6700000000000002,0.9600000000000001,1.8800000000000001,242.5,1
326,11.84,1.29,2.37,21.36,83.24,1.33,1.06,0.48,1.5199999999999998,3.15,1.01,2.51,389.19,1
327,11.9,0.36,1.87,17.21,91.08,0.96,-0.25,0.43000000000000005,0.9199999999999999,5.67,0.38999999999999996,0.9600000000000001,377.23,2
328,12.389999999999999,5.319999999999999,2.5900000000000003,24.44,93.62,1.69,0.42999999999999994,0.61,1.0,4.61,0.7799999999999999,1.5699999999999998,462.5,2
329,12.59,3.09,2.07,14.84,91.61,2.14,1.8299999999999998,0.22,1.2,2.5100000000000002,0.6399999999999999,2.43,428.85,0
330,13.49,1.37,2.3200000000000003,14.91,84.35,2.4,2.44,0.24999999999999997,1.62,4.85,1.0799999999999998,2.67,1217.57,0
331,12.37,1.45,2.27,21.25,84.93,2.6900000000000004,3.08,0.38,1.73,3.77,0.6699999999999999,2.79,328.45,1
332,11.24,0.06000000000000005,2.38,15.51,83.36,1.7300000000000002,1.47,0.13,1.9200000000000002,1.3199999999999998,0.62,2.55,285.38,1
333,12.84,0.64,1.6099999999999999,13.89,73.27,2.77,2.85,0.22,2.09,4.529999999999999,1.04,2.95,397.79,1
334,12.610000000000001,1.32,2.0100000000000002,16.68,99.47,2.0,1.3699999999999999,0.53,0.6,5.66,0.97,1.56,438.39,1
335,12.969999999999999,2.28,2.3,17.06,94.41,1.28,-0.31999999999999995,0.39,0.30000000000000004,3.84,0.76,1.19,402.51,2
336,13.81,1.7600000000000002,2.1999999999999997,16.81,99.92,2.73,2.9699999999999998,0.18,2.1799999999999997,4.93,1.17,2.92,1398.08,0
337,14.040000000000001,3.12,2.1599999999999997,14.6,96.01,2.99,2.75,0.22000000000000003,1.95,3.9300000000000006,0.9400000000000001,3.14,932.9,0
338,13.620000000000001,1.29,2.47,16.279999999999998,106.21,3.32,3.55,0.17,1.97,6.51,0.86,2.7800000000000002,1245.61,0
339,13.51,1.35,2.0999999999999996,15.59,94.69,2.5,2.5999999999999996,0.13,1.97,4.08,1.09,2.66,1282.78,0
340,11.95,4.71,2.44,22.62,85.81,1.34,-0.10999999999999999,0.54,0.6900000000000002,3.35,0.6599999999999999,1.18,290.24,2
341,12.81,1.44,2.02,16.03,102.84,2.82,2.71,0.24000000000000002,1.8599999999999999,4.37,0.81,3.14,793.34,0
342,11.98,0.84,2.0300000000000002,16.98,153.35,2.12,1.67,0.24,2.9299999999999997,1.2000000000000002,1.02,2.1999999999999997,746.38,1
343,12.85,2.69,2.6700000000000004,20.65,94.52,1.47,0.4,0.52,0.69,4.359999999999999,0.75,2.24,567.28,2
344,12.129999999999999,1.12,2.19,20.27,80.75,2.5100000000000002,2.78,0.34,1.56,3.09,0.61,2.58,236.24,1
345,13.16,2.57,2.37,19.95,119.8,1.64,0.67,0.53,1.45,9.270000000000001,0.6,1.61,835.54,2
346,13.66,1.4,2.6700000000000004,19.1,130.3,2.8800000000000003,2.62,0.49,1.28,5.12,1.22,2.92,1197.52,0
347,12.94,2.34,2.43,21.68,113.09,0.97,0.8800000000000001,0.13,0.85,6.989999999999999,0.42999999999999994,0.81,281.51,2
348,13.06,1.23,2.27,18.78,92.63,2.3800000000000003,2.46,0.2,1.56,3.8999999999999995,0.92,3.1,757.5,0
349,13.16,0.54,2.4299999999999997,22.1,73.62,2.41,1.9899999999999998,0.09999999999999999,1.37,1.37,1.1600000000000001,2.54,136.99,1
350,12.8,3.08,2.03,19.53,95.72,1.22,0.11000000000000004,0.38,1.05,2.98,0.5,1.3699999999999999,691.56,2
351,11.62,2.48,2.87,19.42,100.5,1.64,1.8599999999999999,0.58,0.9500000000000001,3.3899999999999997,1.19,2.38,551.9,1
352,11.86,1.19,1.9900000000000002,17.4,73.16,1.3499999999999999,1.5499999999999998,0.31,1.3599999999999999,2.29,0.89,2.83,359.18,1
353,13.4,1.6800000000000002,2.58,19.61,94.32,2.46,2.4899999999999998,0.27,1.5899999999999999,3.25,1.09,3.7399999999999998,807.95,0
354,11.399999999999999,1.9399999999999997,2.05,15.73,82.01,0.64,-0.49,0.28,0.16999999999999993,3.23,0.44000000000000006,1.1300000000000001,201.43,2
355,11.96,0.8499999999999999,1.67,15.770000000000001,146.61,1.6600000000000001,0.97,0.1,2.32,2.14,1.21,2.8499999999999996,621.27,1
356,11.739999999999998,0.06999999999999995,1.1500000000000001,7.99,76.83,1.49,-0.21000000000000008,0.18000000000000002,-0.030000000000000027,0.1399999999999999,0.8700000000000001,1.26,273.72,1
357,13.8,3.6399999999999997,2.6300000000000003,23.12,90.11,1.7899999999999998,0.35000000000000003,0.51,1.11,8.239999999999998,0.52,1.31,430.08000000000004,2
358,11.78,4.18,2.3600000000000003,20.62,80.37,2.79,2.92,0.19999999999999998,2.8400000000000003,2.53,0.72,3.56,343.99,1
359,13.05,2.9899999999999998,2.04,17.7,80.32,1.28,-0.06000000000000005,0.51,0.5700000000000001,4.45,0.6900000000000001,1.44,410.59000000000003,2
360,13.36,2.2800000000000002,2.62,23.6,101.16,1.3800000000000001,0.57,0.36,1.3900000000000001,8.040000000000001,0.6799999999999999,1.61,665.29,2
361,13.1,1.39,2.78,14.74,106.76,2.46,2.45,0.31000000000000005,1.23,4.069999999999999,1.04,2.6199999999999997,808.61,0
362,12.639999999999999,3.7800000000000002,2.38,22.74,99.87,2.7800000000000002,2.4699999999999998,0.42,1.9,2.3899999999999997,1.17,3.07,438.06,1
363,14.049999999999999,1.4000000000000001,2.43,15.92,105.52,3.19,3.7600000000000002,0.3,1.76,8.299999999999999,1.19,2.6999999999999997,1625.38,0
364,12.489999999999998,4.08,2.35,19.93,79.27,1.41,0.18000000000000005,0.41,0.59,6.5600000000000005,0.43000000000000005,1.53,476.7,2
365,12.0,1.6400000000000001,2.0,16.04,83.49,1.1600000000000001,-0.07999999999999996,0.54,0.52,5.39,0.5599999999999999,1.06,463.25,2
366,11.579999999999998,1.8399999999999999,2.71,27.65,88.35,1.97,1.9900000000000002,0.5499999999999999,1.61,2.41,0.9099999999999999,2.26,385.62,1
367,13.72,1.02,2.13,14.260000000000002,109.27,2.8200000000000003,2.39,0.18,1.6799999999999997,4.96,0.7999999999999999,2.88,777.45,0
368,12.31,0.71,1.79,9.36,78.99,2.1500000000000004,2.36,0.06000000000000001,2.39,5.09,0.9100000000000001,2.2600000000000002,863.04,0
369,13.06,0.78,2.18,13.17,76.89,2.0700000000000003,1.9099999999999997,0.18,1.32,3.63,0.96,2.3,1053.05,0
370,12.19,4.12,2.65,25.57,98.02,2.0300000000000002,1.8499999999999999,0.4,1.55,1.4300000000000002,0.8600000000000001,2.92,277.31,1
371,11.67,1.9300000000000002,2.6900000000000004,20.94,131.61,1.5,0.82,0.12000000000000001,1.46,2.11,0.9099999999999999,2.1399999999999997,572.35,1
372,12.110000000000001,0.91,2.07,19.990000000000002,73.27,0.9099999999999999,1.01,0.39,1.2,1.5599999999999998,0.71,1.89,251.48,1
373,11.67,2.3,2.1399999999999997,16.82,86.67,0.8400000000000001,-0.16000000000000003,0.32,0.36,3.99,0.51,1.37,304.34000000000003,2
374,13.14,1.17,2.12,22.54,80.77,1.6099999999999999,1.4000000000000001,0.22000000000000003,0.78,2.7300000000000004,0.88,2.4699999999999998,334.65999999999997,1
375,12.66,2.6900000000000004,2.33,19.09,100.1,1.1300000000000001,0.95,0.21,0.6699999999999999,4.7700000000000005,0.6799999999999999,1.23,444.03,2
376,11.54,0.010000000000000009,2.01,12.74,87.07,1.44,0.1200000000000001,0.51,-0.15000000000000008,1.0100000000000002,1.03,0.98,372.9,1
377,13.67,1.5699999999999998,2.22,16.09,116.68,2.54,2.81,0.19999999999999998,1.57,5.64,0.9,3.1300000000000003,1030.99,0
378,13.02,1.5899999999999999,2.5900000000000003,15.68,97.21,2.79,2.89,0.27,1.47,5.22,0.9900000000000001,2.5999999999999996,1164.28,0
379,12.149999999999999,0.76,2.02,17.58,84.08,3.35,3.48,0.21,1.79,3.86,0.98,2.58,573.61,1
380,13.139999999999999,2.25,2.27,19.08,85.06,1.23,0.21999999999999997,0.33999999999999997,0.48,4.96,0.6399999999999999,2.27,693.11,2
381,11.08,1.84,1.97,14.85,98.53999999999999,1.13,0.3800000000000001,0.31,0.4099999999999999,0.46999999999999975,0.74,1.85,203.32999999999998,1
382,13.85,1.67,2.31,17.75,98.53,2.55,2.61,0.28,2.1999999999999997,5.470000000000001,1.0,2.53,961.39,0
383,12.87,0.6799999999999999,1.6199999999999999,14.01,73.75,2.79,2.8800000000000003,0.22,2.11,4.609999999999999,1.05,2.97,408.28,1
384,12.85,1.3,2.02,9.76,93.83,2.38,2.3299999999999996,0.21000000000000002,1.03,3.38,0.9500000000000001,3.09,913.9,0
385,13.66,3.2800000000000002,2.25,16.64,101.34,2.43,1.9699999999999998,0.21999999999999997,0.86,3.67,0.72,2.85,867.01,0
386,13.01,3.29,1.9900000000000002,17.16,82.99,2.14,2.1900000000000004,0.21000000000000002,1.2,3.1400000000000006,0.8,2.65,880.52,0
387,13.010000000000002,0.9000000000000001,2.12,13.740000000000002,88.76,2.07,2.02,0.16000000000000003,1.2,1.8099999999999998,0.9100000000000001,3.39,765.0899999999999,0
388,12.69,2.75,2.56,23.38,98.36,2.1999999999999997,0.42,0.51,0.7000000000000001,4.49,0.85,2.02,531.84,2
389,12.11,2.1199999999999997,2.16,20.71,84.46,1.44,1.4500000000000002,0.61,1.2,1.8000000000000003,0.77,3.0199999999999996,192.95,1
390,13.3,2.2,2.6,23.35,100.1,1.34,0.49999999999999994,0.35000000000000003,1.34,7.86,0.66,1.56,641.99,2
391,13.270000000000001,2.59,2.43,13.67,109.47,2.41,2.57,0.11000000000000001,1.4,4.039999999999999,0.86,3.04,701.02,0
392,12.430000000000001,1.4100000000000001,2.1,17.6,80.85,1.9700000000000002,2.17,0.22,1.56,3.06,1.0799999999999998,2.88,600.5,1
393,13.71,1.68,2.4000000000000004,15.84,88.32,2.5700000000000003,2.71,0.27999999999999997,1.78,5.489999999999999,1.14,2.87,1305.11,0
394,13.540000000000001,2.5300000000000002,2.68,24.34,104.32,1.52,0.7899999999999999,0.38,1.51,8.55,0.73,1.77,735.05,2
395,11.8,1.7000000000000002,2.28,18.759999999999998,88.42,2.14,1.44,0.26,0.93,1.2499999999999998,0.65,2.9,226.8,1
396,11.7,0.7900000000000001,2.01,17.959999999999997,92.55,0.6400000000000001,0.29000000000000004,0.28,1.04,1.3499999999999999,0.736,1.3,639.62,1
397,13.38,0.86,1.8199999999999998,16.82,88.97,1.8800000000000001,1.44,0.28,0.53,2.98,1.15,2.21,519.17,1
398,12.7,2.54,2.45,21.63,110.4,1.41,1.25,0.22999999999999998,1.2,10.540000000000001,0.44999999999999996,1.39,444.69,2
399,12.02,1.2999999999999998,2.48,22.24,82.9,2.5100000000000002,2.21,0.42,1.0,2.7199999999999998,0.91,3.14,360.8,1
400,11.629999999999999,0.71,2.3499999999999996,16.79,94.57,1.48,1.0899999999999999,0.37,0.65,1.4200000000000002,1.3,1.76,146.97,1
401,12.620000000000001,2.76,1.85,15.56,76.13,1.8400000000000003,1.7100000000000002,0.15000000000000002,0.9199999999999999,2.0300000000000002,0.6900000000000001,2.31,729.21,0
402,13.02,2.17,2.62,18.03,98.56,2.69,3.0700000000000003,0.27999999999999997,2.71,5.279999999999999,0.99,3.05,1131.31,0
403,12.67,3.16,2.25,18.89,85.38,1.3699999999999999,0.48000000000000004,0.38,0.86,9.83,0.6799999999999999,1.62,627.14,2
404,11.420000000000002,0.09999999999999987,1.48,13.55,137.09,1.2400000000000002,0.31000000000000005,0.020000000000000018,1.94,0.5900000000000003,1.06,2.38,411.35,1
405,11.64,1.8900000000000001,2.68,20.8,131.02,1.4700000000000002,0.78,0.11000000000000001,1.44,2.02,0.8999999999999999,2.11,559.26,1
406,13.12,4.26,2.18,17.95,83.23,1.62,0.19000000000000006,0.38999999999999996,0.67,2.9800000000000004,0.77,1.6099999999999999,356.53,2
407,11.94,2.83,2.1399999999999997,19.88,87.65,2.24,1.6199999999999997,0.31,1.41,0.3999999999999999,0.98,2.4699999999999998,168.55,1
408,13.16,1.1600000000000001,2.54,15.26,103.71000000000001,2.49,2.33,0.22999999999999998,1.13,5.949999999999999,1.15,2.4699999999999998,1127.19,0
409,13.489999999999998,1.38,2.67,17.849999999999998,100.37,2.66,2.5100000000000002,0.31,1.49,3.42,1.14,3.07,768.8199999999999,0
410,13.38,3.44,2.15,19.06,86.12,1.54,0.35,0.5599999999999999,0.8,5.390000000000001,0.78,1.73,538.55,2
411,13.24,1.27,2.5700000000000003,15.579999999999998,105.08,2.5500000000000003,2.43,0.24,1.18,6.18,1.17,2.54,1157.48,0
412,12.4,2.68,2.16,16.19,96.11,0.96,0.010000000000000009,0.31000000000000005,0.5399999999999999,3.67,0.52,1.26,456.85,2
413,13.08,0.73,2.17,10.96,97.99,3.31,2.83,0.21000000000000002,1.35,4.9399999999999995,0.8,2.61,903.15,0
414,13.030000000000001,3.39,2.35,21.46,95.41,1.51,0.29,0.37,1.15,6.2299999999999995,0.59,1.23,604.69,2
415,12.4,2.08,2.52,18.81,86.62,1.1300000000000001,-0.16000000000000003,0.45,0.37,3.0799999999999996,0.62,1.84,393.18,2
416,13.93,1.23,2.39,15.42,103.37,3.0999999999999996,3.6100000000000003,0.28,1.6700000000000002,7.949999999999999,1.16,2.59,1577.84,0
417,13.52,0.73,2.1900000000000004,12.67,114.49,2.25,2.19,0.17000000000000004,1.79,3.61,0.8400000000000001,3.3,789.1600000000001,0
418,12.91,0.8699999999999999,2.0500000000000003,21.63,76.86,1.44,1.1300000000000001,0.18000000000000002,0.6200000000000001,2.0900000000000003,0.82,2.28,248.51,1
419,13.18,4.29,2.78,24.08,108.05,1.81,0.6799999999999999,0.24000000000000002,0.9500000000000001,7.86,0.6100000000000001,1.72,543.01,2
420,13.280000000000001,1.27,2.2199999999999998,14.850000000000001,93.52,2.28,2.36,0.2,1.39,2.59,0.9900000000000001,3.63,870.01,0
421,12.96,3.7399999999999998,2.29,22.14,83.46,1.5799999999999998,1.48,0.6,1.56,4.55,0.82,1.9299999999999997,480.95,1
422,12.540000000000001,0.77,1.9200000000000002,13.31,88.64,1.99,1.9900000000000002,0.2,1.0,2.18,1.03,2.2199999999999998,813.71,0
423,13.049999999999999,2.38,2.32,17.38,95.78,1.34,-0.21999999999999997,0.4,0.35000000000000003,4.06,0.78,1.26,432.63,2
424,11.89,1.8400000000000003,2.31,19.17,90.17,2.22,1.5599999999999998,0.27,1.0,1.5299999999999998,0.67,2.9899999999999998,265.28,1
425,12.29,1.0999999999999999,2.5300000000000002,17.770000000000003,96.57,2.36,2.55,0.36,2.02,4.369999999999999,1.17,2.23,646.44,1
426,13.48,1.16,2.62,21.47,96.59,2.81,2.94,0.24999999999999997,2.1999999999999997,4.98,1.1199999999999999,2.4899999999999998,1187.75,0
427,12.89,3.49,2.17,16.05,96.78,2.37,2.1999999999999997,0.27,1.41,3.3500000000000005,0.72,2.69,542.87,0
428,14.05,3.9899999999999998,2.7100000000000004,24.18,94.64,1.9899999999999998,0.67,0.55,1.3,8.979999999999999,0.59,1.53,530.05,2
429,13.66,0.9199999999999999,2.24,13.25,116.94,2.36,2.3600000000000003,0.19000000000000003,1.8900000000000001,4.01,0.88,3.42,843.21,0
430,12.69,2.84,1.8800000000000001,15.82,77.26,1.8900000000000001,1.79,0.16000000000000003,0.97,2.2100000000000004,0.71,2.37,754.15,0
431,12.95,1.5,2.5700000000000003,15.41,96.04,2.74,2.81,0.26,1.42,5.03,0.9700000000000001,2.54,1138.67,0
432,13.780000000000001,3.3800000000000003,2.36,11.379999999999999,120.21,2.66,2.5,0.13,1.77,3.84,0.77,3.1399999999999997,588.23,0
433,13.950000000000001,2.0,2.57,17.16,119.1,2.52,2.38,0.29,1.17,4.74,1.03,3.49,1253.06,0
434,13.23,2.1,2.57,23.06,98.85,1.28,0.41,0.34,1.29,7.66,0.64,1.49,614.5,2
435,13.38,1.67,2.3800000000000003,20.09,98.25,2.62,2.86,0.24000000000000002,1.79,4.819999999999999,1.01,3.3800000000000003,881.39,0
436,11.92,1.18,2.45,21.86,81.26,2.44,2.1,0.41,0.93,2.46,0.89,3.05,324.65,1
437,12.069999999999999,0.79,2.46,16.85,92.67,2.19,2.28,0.32,1.87,3.7399999999999998,1.0999999999999999,2.04,560.54,1
438,13.34,0.9500000000000001,2.56,17.77,124.59,2.6300000000000003,2.22,0.44,1.05,4.2,1.13,2.63,1071.63,0
439,13.94,1.5699999999999998,2.18,15.67,94.6,2.59,2.23,0.25,1.92,4.47,1.02,3.52,1004.21,0
440,13.49,3.64,2.26,18.07,82.89,1.53,0.39999999999999997,0.43,1.32,8.02,0.47,1.3399999999999999,345.25,2
441,12.02,0.5599999999999999,2.08,15.47,76.31,1.62,-0.030000000000000027,0.52,0.9,4.04,0.61,1.08,458.39,2
442,13.190000000000001,2.48,2.41,13.34,108.06,2.35,2.4699999999999998,0.1,1.3399999999999999,3.8099999999999996,0.83,2.9699999999999998,669.92,0
443,13.629999999999999,0.71,2.46,22.09,85.53999999999999,2.25,0.44000000000000006,0.42000000000000004,2.2,10.98,0.36999999999999994,1.3399999999999999,385.23,2
444,12.040000000000001,1.28,2.29,23.44,69.31,2.1700000000000004,1.54,0.41,1.3499999999999999,1.63,1.06,3.18,609.76,1
445,11.73,1.5899999999999999,1.8499999999999999,19.11,84.35,2.43,1.52,0.36,1.3499999999999999,1.79,0.9099999999999999,2.36,378.56,1
446,11.879999999999999,0.9599999999999999,2.1399999999999997,22.5,79.43,1.8400000000000003,1.85,0.33,1.5599999999999998,0.7300000000000002,0.75,2.3499999999999996,153.06,1
447,11.71,3.46,2.49,23.59,89.55,1.6500000000000001,1.2599999999999998,0.32,1.21,0.06000000000000005,0.72,2.5,90.45999999999998,1
448,12.91,3.52,2.18,16.14,97.17,2.38,2.2199999999999998,0.27,1.43,3.41,0.73,2.71,551.39,0
449,12.94,1.98,2.21,18.27,81.61,1.0799999999999998,-0.020000000000000018,0.31,0.34,4.3999999999999995,0.58,2.1,617.17,2
450,13.600000000000001,1.7100000000000002,2.32,16.14,99.05,2.52,2.7399999999999998,0.25,1.6099999999999999,3.48,1.08,3.9,991.9,0
451,11.89,3.2800000000000002,1.96,18.55,85.09,1.92,1.5099999999999998,0.35,1.79,0.97,0.9,2.96,521.93,1
452,13.17,1.9099999999999997,2.09,19.47,79.18,0.8800000000000001,-0.07999999999999996,0.31999999999999995,0.6000000000000001,7.82,0.5299999999999999,1.14,376.53999999999996,2
453,11.559999999999999,0.019999999999999796,1.8900000000000001,15.68,72.8,2.88,2.1100000000000003,0.07,1.3000000000000003,2.14,0.99,2.16,106.81,1
454,13.93,1.9300000000000002,2.2399999999999998,17.3,102.01,2.8200000000000003,3.11,0.19,2.26,5.26,1.2,3.02,1443.97,0
455,12.24,0.8200000000000001,1.8900000000000001,15.170000000000002,93.04,1.72,0.9199999999999999,0.47000000000000003,0.33999999999999997,4.62,0.87,1.2400000000000002,296.56,1
456,11.5,0.69,1.87,15.9,66.74,1.0699999999999998,1.0999999999999996,0.25,1.0999999999999999,1.25,0.79,2.51,217.52999999999997,1
457,13.219999999999999,3.3800000000000003,2.52,22.04,106.89,1.52,0.6300000000000001,0.39,1.3,10.01,0.78,1.36,604.42,2
458,13.129999999999999,3.14,2.1399999999999997,16.58,76.53,1.25,-0.040000000000000036,0.37,1.06,6.99,0.36999999999999994,1.02,205.07,2
459,12.52,3.08,1.89,14.96,75.56,1.44,0.94,0.39,0.6499999999999999,2.6799999999999997,0.6299999999999999,1.9000000000000001,274.14,1
460,11.61,0.1200000000000001,2.04,13.06,88.41,1.4999999999999998,0.21000000000000008,0.52,-0.09000000000000002,1.23,1.05,1.04,402.46,1
461,12.44,4.010000000000001,2.33,19.72,78.37,1.3699999999999999,0.12,0.39999999999999997,0.55,6.41,0.42000000000000004,1.48,456.88,2
462,12.44,1.4899999999999998,2.6,17.7,103.89,2.1799999999999997,1.7,0.27,1.25,2.0300000000000002,0.81,2.2300000000000004,423.88,0
463,14.129999999999999,1.5,2.46,16.23,106.86,3.25,3.85,0.31,1.81,8.51,1.21,2.76,1654.83,0
464,11.53,1.77,2.69,27.41,87.35,1.93,1.9100000000000001,0.5399999999999999,1.57,2.25,0.8999999999999999,2.21,363.51,1
465,13.26,3.71,2.43,22.4,99.45,1.69,0.5700000000000001,0.41,1.3099999999999998,6.89,0.6599999999999999,1.4300000000000002,693.84,2
466,13.809999999999999,1.8199999999999998,2.78,19.16,105.95,2.9000000000000004,2.9000000000000004,0.36,1.72,4.33,1.23,3.35,891.94,0
467,13.62,1.5499999999999998,2.71,18.349999999999998,102.52,2.75,2.66,0.33,1.58,3.77,1.18,3.1799999999999997,816.21,0
468,13.59,1.31,2.6500000000000004,21.94,98.62,2.9,3.08,0.26999999999999996,2.28,5.3100000000000005,1.15,2.59,1232.53,0
469,12.51,1.1400000000000001,2.41,16.42,89.09,2.2199999999999998,1.9600000000000002,0.21000000000000002,1.22,2.97,1.0,3.34,884.63,0
470,14.27,1.5799999999999998,2.68,24.71,96.74,2.7399999999999998,1.22,0.52,2.6500000000000004,12.8,0.5499999999999999,1.9,632.21,2
471,13.3,3.7700000000000005,2.11,20.72,80.4,0.95,-0.06000000000000005,0.45,0.8499999999999999,5.390000000000001,0.66,1.37,352.46000000000004,2
472,12.39,0.84,2.4,27.53,128.42,2.84,2.1500000000000004,0.12,1.54,1.6300000000000001,1.1400000000000001,2.9699999999999998,751.79,1
473,11.87,0.74,1.96,18.46,83.7,2.32,2.0999999999999996,0.27999999999999997,1.3399999999999999,2.13,1.3399999999999999,3.0100000000000002,227.26,1
474,11.72,1.33,1.96,20.38,84.18,1.9,1.4700000000000002,0.27999999999999997,1.46,1.66,0.9199999999999999,3.24,454.97,1
475,12.02,4.28,2.37,21.93,79.69,2.0900000000000003,1.73,0.42,1.34,2.5500000000000003,0.78,2.55,573.11,1
476,12.299999999999999,2.52,2.4,19.75,96.38,1.23,-0.07000000000000006,0.52,0.57,4.02,0.72,1.63,357.91999999999996,2
477,12.4,2.68,2.16,16.21,96.2,0.96,0.010000000000000009,0.31000000000000005,0.5499999999999999,3.6900000000000004,0.52,1.26,458.97,2
478,10.97,1.2399999999999998,3.03,26.08,108.63,2.73,4.35,0.38,1.4500000000000002,4.32,0.76,3.17,236.39,1
479,12.75,0.96,1.9500000000000002,14.74,84.34,1.98,1.5099999999999998,0.19,0.9600000000000001,2.38,0.87,2.29,1071.96,0
480,11.83,1.49,2.2399999999999998,17.49,76.66,1.4100000000000001,1.2,0.48000000000000004,1.47,1.7,1.01,2.05,384.4,1
481,11.969999999999999,0.97,1.8699999999999999,14.67,79.32,2.3,2.1,0.24,1.54,1.98,1.14,2.46,302.8,1
482,13.129999999999999,3.27,2.49,21.7,105.44,1.46,0.53,0.38,1.24,9.78,0.76,1.28,572.4,2
483,11.43,0.13,1.81,16.65,75.94,1.98,1.5599999999999998,0.21,1.0299999999999998,0.8700000000000001,1.22,2.62,56.30000000000001,1
484,11.53,3.7299999999999995,2.3,18.04,76.35,0.8299999999999998,-0.41000000000000003,0.42000000000000004,0.29000000000000004,1.8000000000000003,0.55,0.64,441.08,2
485,11.9,0.8400000000000001,1.8299999999999998,17.66,86.28,2.11,1.6400000000000001,0.34,1.85,1.77,0.77,2.74,185.95999999999998,1
486,12.709999999999999,2.78,2.56,23.45,98.64,2.2199999999999998,0.42999999999999994,0.51,0.7200000000000001,4.54,0.85,2.03,537.87,2
487,13.770000000000001,1.04,2.17,9.5,91.33,2.83,2.89,0.19999999999999998,2.53,5.77,1.03,2.4699999999999998,1311.67,0
488,12.8,0.73,2.41,19.7,77.03999999999999,2.08,0.2600000000000001,0.42000000000000004,1.81,9.81,0.37999999999999995,1.19,356.36,2
489,12.700000000000001,2.39,2.17,18.96,81.12,1.45,0.0,0.36,0.81,6.65,0.38,1.08,410.15999999999997,2
490,13.860000000000001,1.8699999999999999,2.54,16.770000000000003,117.44,2.44,2.26,0.28,1.1099999999999999,4.47,1.0,3.4,1216.53,0
491,11.51,1.3800000000000001,1.98,18.68,75.06,2.16,1.95,0.28,0.9500000000000001,1.1499999999999997,0.7,2.79,158.86,1
492,11.76,2.08,2.41,24.15,84.82,1.3699999999999999,-0.27,0.52,0.6499999999999999,5.52,0.48000000000000004,1.12,611.45,2
493,12.04,1.28,2.4899999999999998,18.48,101.78,1.7899999999999998,1.59,0.43,0.9400000000000001,2.5900000000000003,1.41,2.12,306.07,1
494,11.83,1.27,2.36,21.29,82.97,1.3199999999999998,1.04,0.47,1.5099999999999998,3.1100000000000003,1.0,2.5,383.09000000000003,1
495,13.57,1.6199999999999999,2.6100000000000003,16.270000000000003,111.47,2.85,2.54,0.36,1.54,5.7299999999999995,1.0699999999999998,2.75,1297.08,0
496,13.16,0.91,2.21,13.56,78.56,2.14,2.03,0.19999999999999998,1.3900000000000001,3.9099999999999997,0.9799999999999999,2.38,1089.9,0
497,14.69,1.64,2.37,11.14,89.89,3.0500000000000003,3.61,0.42,2.77,5.220000000000001,1.23,2.67,1125.53,0
498,12.83,0.99,2.43,13.780000000000001,83.08,2.42,2.25,0.25,1.0499999999999998,3.1899999999999995,0.76,2.7300000000000004,976.36,0
499,12.05,1.28,2.4899999999999998,18.5,101.87,1.7999999999999998,1.6,0.43,0.9400000000000001,2.6100000000000003,1.42,2.12,308.14,1
500,11.889999999999999,2.2800000000000002,2.08,16.36,80.97,2.14,1.76,0.19,1.71,1.01,1.0399999999999998,2.9499999999999997,134.89,1
501,12.74,1.1900000000000002,2.28,17.52,119.95,1.42,1.1099999999999999,0.19,0.86,3.7699999999999996,0.73,1.19,584.75,2
502,12.08,0.93,1.9800000000000002,16.18,74.78,1.7100000000000002,1.7499999999999998,0.16,1.32,2.08,0.98,2.58,466.71000000000004,1
503,13.94,1.3599999999999999,2.36,15.040000000000001,105.46,3.52,2.96,0.16999999999999998,1.8800000000000001,6.58,0.74,3.08,1313.74,0
504,13.41,1.51,2.6300000000000003,16.29,108.1,2.68,2.64,0.27,1.3,6.67,1.22,2.69,1224.04,0
505,11.899999999999999,2.76,2.13,19.7,86.87,2.21,1.5599999999999998,0.31,1.38,0.2799999999999998,0.96,2.4299999999999997,151.51,1
506,12.21,4.66,2.52,20.82,88.22,1.3499999999999999,0.42,0.52,0.77,3.72,0.74,1.23,702.7,2
507,14.190000000000001,1.77,2.68,19.56,118.1,2.7199999999999998,3.0100000000000002,0.31,1.89,5.890000000000001,1.04,2.56,1238.22,0
508,13.17,1.92,2.09,19.490000000000002,79.27,0.8800000000000001,-0.06999999999999995,0.31999999999999995,0.6000000000000001,7.84,0.5299999999999999,1.15,378.48,2
509,11.540000000000001,1.52,2.58,25.55,86.06,1.8399999999999999,1.4700000000000002,0.38,1.26,2.29,1.33,3.11,519.31,1
510,12.41,3.1599999999999997,2.26,20.32,100.96,1.48,0.85,0.13,0.6399999999999999,4.18,0.7000000000000001,1.04,488.92,2
511,11.22,3.41,1.74,18.52,102.82,3.0,2.29,0.19999999999999998,3.41,2.2199999999999998,0.6799999999999999,2.6,469.81,1
512,13.079999999999998,1.67,2.6100000000000003,15.92,98.22,2.83,2.9699999999999998,0.28,1.51,5.39,1.01,2.65,1186.67,0
513,12.13,1.38,2.17,21.21,86.08,0.6299999999999999,0.2600000000000001,0.17,0.35,3.7700000000000005,0.47000000000000003,0.7700000000000001,297.19,2
514,13.74,1.53,2.28,17.330000000000002,96.71,2.4699999999999998,2.48,0.27,2.13,5.18,0.9700000000000001,2.44,921.38,0
515,13.09,0.98,1.69,14.91,77.63,2.96,3.1500000000000004,0.26,2.27,5.24,1.11,3.16,493.86,1
516,12.469999999999999,1.07,2.39,16.23,88.28,2.19,1.9000000000000001,0.2,1.19,2.84,0.9800000000000001,3.3,866.77,0
517,13.44,1.03,2.49,18.39,108.14,2.6500000000000004,2.92,0.34,1.44,5.489999999999999,1.0199999999999998,2.23,978.65,0
518,12.43,0.8999999999999999,2.41,27.68,129.09,2.8699999999999997,2.2,0.12,1.56,1.74,1.1500000000000001,3.01,766.59,1
519,13.65,5.57,2.43,20.25,93.94,1.63,0.54,0.51,1.02,7.53,0.62,1.69,716.7,2
520,11.77,3.12,1.92,18.06,82.98,1.82,1.3599999999999999,0.33,1.7100000000000002,0.63,0.8700000000000001,2.8499999999999996,475.32,1
521,12.33,1.32,2.1500000000000004,18.41,159.46,2.39,2.09,0.3,3.1799999999999997,2.19,1.1199999999999999,2.5,881.09,1
522,12.91,1.38,2.04,10.0,94.88,2.4299999999999997,2.4,0.22,1.07,3.55,0.9700000000000001,3.15,937.02,0
523,13.149999999999999,1.9,2.09,19.42,78.98,0.8700000000000001,-0.08999999999999997,0.30999999999999994,0.5900000000000001,7.79,0.52,1.13,372.07,2
524,13.49,1.0,1.8599999999999999,17.26,90.85,1.96,1.57,0.29000000000000004,0.6,3.29,1.18,2.3,560.46,1
525,13.909999999999998,1.2,2.25,15.950000000000001,91.38,2.04,2.18,0.23,1.4300000000000002,4.41,1.1099999999999999,2.6399999999999997,1200.25,0
526,13.22,4.970000000000001,2.2800000000000002,18.47,86.31,1.2999999999999998,0.0,0.44,0.7100000000000001,6.29,0.5,1.31,548.39,2
527,12.149999999999999,0.3800000000000001,2.08,15.1,109.58,0.97,0.38,0.09999999999999999,0.43999999999999995,2.0799999999999996,0.56,0.67,356.25,2
528,11.39,2.17,2.79,18.48,96.49,1.46,1.5699999999999998,0.54,0.79,2.7399999999999998,1.13,2.18,463.48,1
529,13.34,1.48,2.5900000000000003,21.93,86.55,2.49,0.93,0.5,2.19,11.35,0.5299999999999999,1.6600000000000001,565.98,2
530,12.34,0.6400000000000001,2.15,15.870000000000001,112.91,1.1099999999999999,0.61,0.13,0.58,2.6199999999999997,0.61,0.8400000000000001,429.62,2
531,10.84,0.9199999999999999,2.0199999999999996,14.8,84.33,2.42,1.2999999999999998,0.05000000000000002,0.8,1.0299999999999998,0.94,2.28,43.56999999999999,1
532,11.219999999999999,2.08,2.34,19.04,91.91,2.7199999999999998,2.5,0.28,1.6700000000000002,2.59,0.73,3.19,534.87,1
533,12.569999999999999,0.97,2.4400000000000004,13.82,89.27,2.44,2.34,0.2,1.15,3.93,0.8700000000000001,2.21,989.25,0
